"description_simple","month_yr","n"
"NSTEMI","2016-07",169
"NSTEMI","2016-08",180
"NSTEMI","2016-09",162
"NSTEMI","2016-10",182
"NSTEMI","2016-11",202
"NSTEMI","2016-12",213
"NSTEMI","2017-01",167
"NSTEMI","2017-02",174
"NSTEMI","2017-03",190
"NSTEMI","2017-04",193
"NSTEMI","2017-05",233
"NSTEMI","2017-06",267
"NSTEMI","2017-07",260
"NSTEMI","2017-08",217
"NSTEMI","2017-09",213
"NSTEMI","2017-10",239
"NSTEMI","2017-11",219
"NSTEMI","2017-12",219
"NSTEMI","2018-01",213
"NSTEMI","2018-02",202
"NSTEMI","2018-03",213
"NSTEMI","2018-04",194
"NSTEMI","2018-05",220
"NSTEMI","2018-06",197
"NSTEMI","2018-07",159
"NSTEMI","2018-08",204
"NSTEMI","2018-09",202
"NSTEMI","2018-10",212
"NSTEMI","2018-11",192
"NSTEMI","2018-12",212
"NSTEMI","2019-01",229
"NSTEMI","2019-02",205
"NSTEMI","2019-03",219
"NSTEMI","2019-04",208
"NSTEMI","2019-05",199
"NSTEMI","2019-06",234
"NSTEMI","2019-07",212
"NSTEMI","2019-08",228
"NSTEMI","2019-09",200
"NSTEMI","2019-10",224
"NSTEMI","2019-11",207
"NSTEMI","2019-12",212
"NSTEMI","2020-01",196
"NSTEMI","2020-02",198
"NSTEMI","2020-03",169
"NSTEMI","2020-04",116
"NSTEMI","2020-05",163
"NSTEMI","2020-06",175
"NSTEMI","2020-07",212
"NSTEMI","2020-08",210
"NSTEMI","2020-09",237
"NSTEMI","2020-10",203
"NSTEMI","2020-11",158
"NSTEMI","2020-12",182
"NSTEMI","2021-01",183
"NSTEMI","2021-02",189
"NSTEMI","2021-03",238
"NSTEMI","2021-04",198
"NSTEMI","2021-05",210
"NSTEMI","2021-06",193
"NSTEMI","2021-07",187
"NSTEMI","2021-08",182
"NSTEMI","2021-09",186
"NSTEMI","2021-10",186
"NSTEMI","2021-11",166
"NSTEMI","2021-12",184
"NSTEMI","2022-01",215
"NSTEMI","2022-02",195
"NSTEMI","2022-03",228
"NSTEMI","2022-04",220
"NSTEMI","2022-05",210
"NSTEMI","2022-06",213
"NSTEMI","2022-07",178
"NSTEMI","2022-08",183
"NSTEMI","2022-09",198
"NSTEMI","2022-10",212
"NSTEMI","2022-11",193
"NSTEMI","2022-12",212
"NSTEMI","2023-01",233
"NSTEMI","2023-02",212
"NSTEMI","2023-03",225
"NSTEMI","2023-04",198
"NSTEMI","2023-05",78
"STEMI","2016-07",41
"STEMI","2016-08",51
"STEMI","2016-09",35
"STEMI","2016-10",56
"STEMI","2016-11",46
"STEMI","2016-12",34
"STEMI","2017-01",51
"STEMI","2017-02",52
"STEMI","2017-03",57
"STEMI","2017-04",58
"STEMI","2017-05",67
"STEMI","2017-06",59
"STEMI","2017-07",48
"STEMI","2017-08",60
"STEMI","2017-09",65
"STEMI","2017-10",75
"STEMI","2017-11",62
"STEMI","2017-12",71
"STEMI","2018-01",72
"STEMI","2018-02",49
"STEMI","2018-03",55
"STEMI","2018-04",75
"STEMI","2018-05",73
"STEMI","2018-06",72
"STEMI","2018-07",71
"STEMI","2018-08",64
"STEMI","2018-09",68
"STEMI","2018-10",80
"STEMI","2018-11",77
"STEMI","2018-12",78
"STEMI","2019-01",67
"STEMI","2019-02",66
"STEMI","2019-03",82
"STEMI","2019-04",63
"STEMI","2019-05",75
"STEMI","2019-06",78
"STEMI","2019-07",70
"STEMI","2019-08",68
"STEMI","2019-09",81
"STEMI","2019-10",88
"STEMI","2019-11",80
"STEMI","2019-12",74
"STEMI","2020-01",67
"STEMI","2020-02",66
"STEMI","2020-03",62
"STEMI","2020-04",59
"STEMI","2020-05",78
"STEMI","2020-06",58
"STEMI","2020-07",87
"STEMI","2020-08",74
"STEMI","2020-09",78
"STEMI","2020-10",72
"STEMI","2020-11",83
"STEMI","2020-12",80
"STEMI","2021-01",86
"STEMI","2021-02",79
"STEMI","2021-03",83
"STEMI","2021-04",81
"STEMI","2021-05",89
"STEMI","2021-06",75
"STEMI","2021-07",86
"STEMI","2021-08",66
"STEMI","2021-09",56
"STEMI","2021-10",83
"STEMI","2021-11",63
"STEMI","2021-12",78
"STEMI","2022-01",73
"STEMI","2022-02",72
"STEMI","2022-03",72
"STEMI","2022-04",88
"STEMI","2022-05",75
"STEMI","2022-06",56
"STEMI","2022-07",66
"STEMI","2022-08",58
"STEMI","2022-09",54
"STEMI","2022-10",64
"STEMI","2022-11",52
"STEMI","2022-12",66
"STEMI","2023-01",74
"STEMI","2023-02",64
"STEMI","2023-03",75
"STEMI","2023-04",58
"STEMI","2023-05",25
"covid_positive","2017-08",1
"covid_positive","2018-09",1
"covid_positive","2019-02",1
"covid_positive","2019-08",1
"covid_positive","2019-09",2
"covid_positive","2019-10",1
"covid_positive","2019-11",1
"covid_positive","2020-01",5
"covid_positive","2020-02",17
"covid_positive","2020-03",188
"covid_positive","2020-04",319
"covid_positive","2020-05",117
"covid_positive","2020-06",22
"covid_positive","2020-07",12
"covid_positive","2020-08",10
"covid_positive","2020-09",27
"covid_positive","2020-10",236
"covid_positive","2020-11",476
"covid_positive","2020-12",412
"covid_positive","2021-01",862
"covid_positive","2021-02",319
"covid_positive","2021-03",100
"covid_positive","2021-04",34
"covid_positive","2021-05",6
"covid_positive","2021-06",30
"covid_positive","2021-07",232
"covid_positive","2021-08",259
"covid_positive","2021-09",246
"covid_positive","2021-10",303
"covid_positive","2021-11",279
"covid_positive","2021-12",360
"covid_positive","2022-01",466
"covid_positive","2022-02",345
"covid_positive","2022-03",498
"covid_positive","2022-04",301
"covid_positive","2022-05",101
"covid_positive","2022-06",187
"covid_positive","2022-07",247
"covid_positive","2022-08",136
"covid_positive","2022-09",163
"covid_positive","2022-10",203
"covid_positive","2022-11",138
"covid_positive","2022-12",216
"covid_positive","2023-01",118
"covid_positive","2023-02",114
"covid_positive","2023-03",181
"covid_positive","2023-04",106
"covid_positive","2023-05",39
"dilated_cardiomyopathy","2016-07",31
"dilated_cardiomyopathy","2016-08",37
"dilated_cardiomyopathy","2016-09",25
"dilated_cardiomyopathy","2016-10",25
"dilated_cardiomyopathy","2016-11",31
"dilated_cardiomyopathy","2016-12",36
"dilated_cardiomyopathy","2017-01",33
"dilated_cardiomyopathy","2017-02",37
"dilated_cardiomyopathy","2017-03",40
"dilated_cardiomyopathy","2017-04",28
"dilated_cardiomyopathy","2017-05",37
"dilated_cardiomyopathy","2017-06",26
"dilated_cardiomyopathy","2017-07",24
"dilated_cardiomyopathy","2017-08",20
"dilated_cardiomyopathy","2017-09",33
"dilated_cardiomyopathy","2017-10",37
"dilated_cardiomyopathy","2017-11",37
"dilated_cardiomyopathy","2017-12",24
"dilated_cardiomyopathy","2018-01",34
"dilated_cardiomyopathy","2018-02",34
"dilated_cardiomyopathy","2018-03",30
"dilated_cardiomyopathy","2018-04",33
"dilated_cardiomyopathy","2018-05",34
"dilated_cardiomyopathy","2018-06",50
"dilated_cardiomyopathy","2018-07",28
"dilated_cardiomyopathy","2018-08",33
"dilated_cardiomyopathy","2018-09",34
"dilated_cardiomyopathy","2018-10",50
"dilated_cardiomyopathy","2018-11",28
"dilated_cardiomyopathy","2018-12",35
"dilated_cardiomyopathy","2019-01",26
"dilated_cardiomyopathy","2019-02",32
"dilated_cardiomyopathy","2019-03",46
"dilated_cardiomyopathy","2019-04",40
"dilated_cardiomyopathy","2019-05",36
"dilated_cardiomyopathy","2019-06",45
"dilated_cardiomyopathy","2019-07",29
"dilated_cardiomyopathy","2019-08",31
"dilated_cardiomyopathy","2019-09",35
"dilated_cardiomyopathy","2019-10",47
"dilated_cardiomyopathy","2019-11",47
"dilated_cardiomyopathy","2019-12",47
"dilated_cardiomyopathy","2020-01",41
"dilated_cardiomyopathy","2020-02",41
"dilated_cardiomyopathy","2020-03",31
"dilated_cardiomyopathy","2020-04",12
"dilated_cardiomyopathy","2020-05",30
"dilated_cardiomyopathy","2020-06",22
"dilated_cardiomyopathy","2020-07",28
"dilated_cardiomyopathy","2020-08",34
"dilated_cardiomyopathy","2020-09",43
"dilated_cardiomyopathy","2020-10",33
"dilated_cardiomyopathy","2020-11",28
"dilated_cardiomyopathy","2020-12",27
"dilated_cardiomyopathy","2021-01",27
"dilated_cardiomyopathy","2021-02",32
"dilated_cardiomyopathy","2021-03",36
"dilated_cardiomyopathy","2021-04",31
"dilated_cardiomyopathy","2021-05",36
"dilated_cardiomyopathy","2021-06",48
"dilated_cardiomyopathy","2021-07",33
"dilated_cardiomyopathy","2021-08",33
"dilated_cardiomyopathy","2021-09",41
"dilated_cardiomyopathy","2021-10",37
"dilated_cardiomyopathy","2021-11",37
"dilated_cardiomyopathy","2021-12",45
"dilated_cardiomyopathy","2022-01",34
"dilated_cardiomyopathy","2022-02",40
"dilated_cardiomyopathy","2022-03",44
"dilated_cardiomyopathy","2022-04",39
"dilated_cardiomyopathy","2022-05",39
"dilated_cardiomyopathy","2022-06",44
"dilated_cardiomyopathy","2022-07",40
"dilated_cardiomyopathy","2022-08",38
"dilated_cardiomyopathy","2022-09",36
"dilated_cardiomyopathy","2022-10",41
"dilated_cardiomyopathy","2022-11",50
"dilated_cardiomyopathy","2022-12",37
"dilated_cardiomyopathy","2023-01",46
"dilated_cardiomyopathy","2023-02",56
"dilated_cardiomyopathy","2023-03",35
"dilated_cardiomyopathy","2023-04",37
"dilated_cardiomyopathy","2023-05",25
"hypertrophic_cardiomyopathy","2016-07",15
"hypertrophic_cardiomyopathy","2016-08",12
"hypertrophic_cardiomyopathy","2016-09",23
"hypertrophic_cardiomyopathy","2016-10",20
"hypertrophic_cardiomyopathy","2016-11",16
"hypertrophic_cardiomyopathy","2016-12",11
"hypertrophic_cardiomyopathy","2017-01",13
"hypertrophic_cardiomyopathy","2017-02",16
"hypertrophic_cardiomyopathy","2017-03",22
"hypertrophic_cardiomyopathy","2017-04",21
"hypertrophic_cardiomyopathy","2017-05",12
"hypertrophic_cardiomyopathy","2017-06",17
"hypertrophic_cardiomyopathy","2017-07",14
"hypertrophic_cardiomyopathy","2017-08",15
"hypertrophic_cardiomyopathy","2017-09",11
"hypertrophic_cardiomyopathy","2017-10",15
"hypertrophic_cardiomyopathy","2017-11",17
"hypertrophic_cardiomyopathy","2017-12",22
"hypertrophic_cardiomyopathy","2018-01",17
"hypertrophic_cardiomyopathy","2018-02",18
"hypertrophic_cardiomyopathy","2018-03",11
"hypertrophic_cardiomyopathy","2018-04",16
"hypertrophic_cardiomyopathy","2018-05",20
"hypertrophic_cardiomyopathy","2018-06",26
"hypertrophic_cardiomyopathy","2018-07",20
"hypertrophic_cardiomyopathy","2018-08",18
"hypertrophic_cardiomyopathy","2018-09",23
"hypertrophic_cardiomyopathy","2018-10",30
"hypertrophic_cardiomyopathy","2018-11",14
"hypertrophic_cardiomyopathy","2018-12",18
"hypertrophic_cardiomyopathy","2019-01",16
"hypertrophic_cardiomyopathy","2019-02",21
"hypertrophic_cardiomyopathy","2019-03",30
"hypertrophic_cardiomyopathy","2019-04",24
"hypertrophic_cardiomyopathy","2019-05",26
"hypertrophic_cardiomyopathy","2019-06",15
"hypertrophic_cardiomyopathy","2019-07",20
"hypertrophic_cardiomyopathy","2019-08",22
"hypertrophic_cardiomyopathy","2019-09",21
"hypertrophic_cardiomyopathy","2019-10",21
"hypertrophic_cardiomyopathy","2019-11",19
"hypertrophic_cardiomyopathy","2019-12",20
"hypertrophic_cardiomyopathy","2020-01",22
"hypertrophic_cardiomyopathy","2020-02",22
"hypertrophic_cardiomyopathy","2020-03",15
"hypertrophic_cardiomyopathy","2020-04",15
"hypertrophic_cardiomyopathy","2020-05",14
"hypertrophic_cardiomyopathy","2020-06",19
"hypertrophic_cardiomyopathy","2020-07",21
"hypertrophic_cardiomyopathy","2020-08",20
"hypertrophic_cardiomyopathy","2020-09",21
"hypertrophic_cardiomyopathy","2020-10",22
"hypertrophic_cardiomyopathy","2020-11",24
"hypertrophic_cardiomyopathy","2020-12",20
"hypertrophic_cardiomyopathy","2021-01",23
"hypertrophic_cardiomyopathy","2021-02",20
"hypertrophic_cardiomyopathy","2021-03",21
"hypertrophic_cardiomyopathy","2021-04",25
"hypertrophic_cardiomyopathy","2021-05",19
"hypertrophic_cardiomyopathy","2021-06",23
"hypertrophic_cardiomyopathy","2021-07",18
"hypertrophic_cardiomyopathy","2021-08",21
"hypertrophic_cardiomyopathy","2021-09",22
"hypertrophic_cardiomyopathy","2021-10",21
"hypertrophic_cardiomyopathy","2021-11",28
"hypertrophic_cardiomyopathy","2021-12",25
"hypertrophic_cardiomyopathy","2022-01",18
"hypertrophic_cardiomyopathy","2022-02",19
"hypertrophic_cardiomyopathy","2022-03",25
"hypertrophic_cardiomyopathy","2022-04",18
"hypertrophic_cardiomyopathy","2022-05",26
"hypertrophic_cardiomyopathy","2022-06",19
"hypertrophic_cardiomyopathy","2022-07",23
"hypertrophic_cardiomyopathy","2022-08",21
"hypertrophic_cardiomyopathy","2022-09",12
"hypertrophic_cardiomyopathy","2022-10",23
"hypertrophic_cardiomyopathy","2022-11",31
"hypertrophic_cardiomyopathy","2022-12",17
"hypertrophic_cardiomyopathy","2023-01",30
"hypertrophic_cardiomyopathy","2023-02",19
"hypertrophic_cardiomyopathy","2023-03",25
"hypertrophic_cardiomyopathy","2023-04",20
"hypertrophic_cardiomyopathy","2023-05",20
"ischaemic_cardiomyopathy","2016-07",1589
"ischaemic_cardiomyopathy","2016-08",1608
"ischaemic_cardiomyopathy","2016-09",1576
"ischaemic_cardiomyopathy","2016-10",1633
"ischaemic_cardiomyopathy","2016-11",1604
"ischaemic_cardiomyopathy","2016-12",1529
"ischaemic_cardiomyopathy","2017-01",1721
"ischaemic_cardiomyopathy","2017-02",1565
"ischaemic_cardiomyopathy","2017-03",1696
"ischaemic_cardiomyopathy","2017-04",1491
"ischaemic_cardiomyopathy","2017-05",1649
"ischaemic_cardiomyopathy","2017-06",1718
"ischaemic_cardiomyopathy","2017-07",1667
"ischaemic_cardiomyopathy","2017-08",1675
"ischaemic_cardiomyopathy","2017-09",1627
"ischaemic_cardiomyopathy","2017-10",1709
"ischaemic_cardiomyopathy","2017-11",1632
"ischaemic_cardiomyopathy","2017-12",1581
"ischaemic_cardiomyopathy","2018-01",1708
"ischaemic_cardiomyopathy","2018-02",1612
"ischaemic_cardiomyopathy","2018-03",1650
"ischaemic_cardiomyopathy","2018-04",1714
"ischaemic_cardiomyopathy","2018-05",1691
"ischaemic_cardiomyopathy","2018-06",1742
"ischaemic_cardiomyopathy","2018-07",1765
"ischaemic_cardiomyopathy","2018-08",1811
"ischaemic_cardiomyopathy","2018-09",1647
"ischaemic_cardiomyopathy","2018-10",1920
"ischaemic_cardiomyopathy","2018-11",1795
"ischaemic_cardiomyopathy","2018-12",1694
"ischaemic_cardiomyopathy","2019-01",1957
"ischaemic_cardiomyopathy","2019-02",1683
"ischaemic_cardiomyopathy","2019-03",1796
"ischaemic_cardiomyopathy","2019-04",1794
"ischaemic_cardiomyopathy","2019-05",1855
"ischaemic_cardiomyopathy","2019-06",1830
"ischaemic_cardiomyopathy","2019-07",1879
"ischaemic_cardiomyopathy","2019-08",1784
"ischaemic_cardiomyopathy","2019-09",1790
"ischaemic_cardiomyopathy","2019-10",1929
"ischaemic_cardiomyopathy","2019-11",1920
"ischaemic_cardiomyopathy","2019-12",1776
"ischaemic_cardiomyopathy","2020-01",1964
"ischaemic_cardiomyopathy","2020-02",1832
"ischaemic_cardiomyopathy","2020-03",1484
"ischaemic_cardiomyopathy","2020-04",903
"ischaemic_cardiomyopathy","2020-05",1138
"ischaemic_cardiomyopathy","2020-06",1297
"ischaemic_cardiomyopathy","2020-07",1499
"ischaemic_cardiomyopathy","2020-08",1465
"ischaemic_cardiomyopathy","2020-09",1567
"ischaemic_cardiomyopathy","2020-10",1574
"ischaemic_cardiomyopathy","2020-11",1476
"ischaemic_cardiomyopathy","2020-12",1474
"ischaemic_cardiomyopathy","2021-01",1319
"ischaemic_cardiomyopathy","2021-02",1357
"ischaemic_cardiomyopathy","2021-03",1642
"ischaemic_cardiomyopathy","2021-04",1622
"ischaemic_cardiomyopathy","2021-05",1668
"ischaemic_cardiomyopathy","2021-06",1630
"ischaemic_cardiomyopathy","2021-07",1573
"ischaemic_cardiomyopathy","2021-08",1521
"ischaemic_cardiomyopathy","2021-09",1567
"ischaemic_cardiomyopathy","2021-10",1539
"ischaemic_cardiomyopathy","2021-11",1617
"ischaemic_cardiomyopathy","2021-12",1541
"ischaemic_cardiomyopathy","2022-01",1531
"ischaemic_cardiomyopathy","2022-02",1551
"ischaemic_cardiomyopathy","2022-03",1677
"ischaemic_cardiomyopathy","2022-04",1602
"ischaemic_cardiomyopathy","2022-05",1621
"ischaemic_cardiomyopathy","2022-06",1542
"ischaemic_cardiomyopathy","2022-07",1510
"ischaemic_cardiomyopathy","2022-08",1576
"ischaemic_cardiomyopathy","2022-09",1631
"ischaemic_cardiomyopathy","2022-10",1691
"ischaemic_cardiomyopathy","2022-11",1749
"ischaemic_cardiomyopathy","2022-12",1541
"ischaemic_cardiomyopathy","2023-01",1741
"ischaemic_cardiomyopathy","2023-02",1576
"ischaemic_cardiomyopathy","2023-03",1772
"ischaemic_cardiomyopathy","2023-04",1571
"ischaemic_cardiomyopathy","2023-05",1070
"myocarditis","2016-07",1
"myocarditis","2016-08",5
"myocarditis","2016-09",3
"myocarditis","2016-10",2
"myocarditis","2016-11",2
"myocarditis","2016-12",3
"myocarditis","2017-01",1
"myocarditis","2017-02",4
"myocarditis","2017-03",2
"myocarditis","2017-04",3
"myocarditis","2017-05",5
"myocarditis","2017-06",1
"myocarditis","2017-07",8
"myocarditis","2017-08",2
"myocarditis","2017-09",5
"myocarditis","2017-10",7
"myocarditis","2017-11",6
"myocarditis","2017-12",4
"myocarditis","2018-01",4
"myocarditis","2018-02",1
"myocarditis","2018-03",4
"myocarditis","2018-04",4
"myocarditis","2018-05",5
"myocarditis","2018-06",7
"myocarditis","2018-07",11
"myocarditis","2018-08",8
"myocarditis","2018-09",5
"myocarditis","2018-10",5
"myocarditis","2018-11",5
"myocarditis","2018-12",7
"myocarditis","2019-01",5
"myocarditis","2019-02",5
"myocarditis","2019-03",5
"myocarditis","2019-04",2
"myocarditis","2019-05",8
"myocarditis","2019-06",2
"myocarditis","2019-07",6
"myocarditis","2019-08",4
"myocarditis","2019-09",8
"myocarditis","2019-10",9
"myocarditis","2019-11",10
"myocarditis","2019-12",4
"myocarditis","2020-01",5
"myocarditis","2020-02",3
"myocarditis","2020-03",4
"myocarditis","2020-04",4
"myocarditis","2020-05",9
"myocarditis","2020-06",8
"myocarditis","2020-07",4
"myocarditis","2020-08",7
"myocarditis","2020-09",4
"myocarditis","2020-10",6
"myocarditis","2020-11",5
"myocarditis","2020-12",3
"myocarditis","2021-01",6
"myocarditis","2021-02",5
"myocarditis","2021-03",8
"myocarditis","2021-04",3
"myocarditis","2021-05",2
"myocarditis","2021-06",8
"myocarditis","2021-07",8
"myocarditis","2021-08",10
"myocarditis","2021-09",6
"myocarditis","2021-10",8
"myocarditis","2021-11",6
"myocarditis","2021-12",11
"myocarditis","2022-01",7
"myocarditis","2022-02",9
"myocarditis","2022-03",10
"myocarditis","2022-04",13
"myocarditis","2022-05",6
"myocarditis","2022-06",4
"myocarditis","2022-07",11
"myocarditis","2022-08",5
"myocarditis","2022-09",5
"myocarditis","2022-10",12
"myocarditis","2022-11",4
"myocarditis","2022-12",10
"myocarditis","2023-01",6
"myocarditis","2023-02",7
"myocarditis","2023-03",11
"myocarditis","2023-04",6
"myocarditis","2023-05",2
"other_cardiac_amyloidosis","2016-07",2
"other_cardiac_amyloidosis","2016-08",1
"other_cardiac_amyloidosis","2016-09",3
"other_cardiac_amyloidosis","2016-10",5
"other_cardiac_amyloidosis","2016-11",4
"other_cardiac_amyloidosis","2016-12",2
"other_cardiac_amyloidosis","2017-01",3
"other_cardiac_amyloidosis","2017-02",2
"other_cardiac_amyloidosis","2017-03",3
"other_cardiac_amyloidosis","2017-04",2
"other_cardiac_amyloidosis","2017-05",3
"other_cardiac_amyloidosis","2017-06",2
"other_cardiac_amyloidosis","2017-07",4
"other_cardiac_amyloidosis","2017-08",1
"other_cardiac_amyloidosis","2017-09",1
"other_cardiac_amyloidosis","2017-10",1
"other_cardiac_amyloidosis","2017-11",4
"other_cardiac_amyloidosis","2017-12",4
"other_cardiac_amyloidosis","2018-01",4
"other_cardiac_amyloidosis","2018-02",5
"other_cardiac_amyloidosis","2018-03",6
"other_cardiac_amyloidosis","2018-04",6
"other_cardiac_amyloidosis","2018-05",2
"other_cardiac_amyloidosis","2018-06",2
"other_cardiac_amyloidosis","2018-07",3
"other_cardiac_amyloidosis","2018-08",3
"other_cardiac_amyloidosis","2018-09",3
"other_cardiac_amyloidosis","2018-10",1
"other_cardiac_amyloidosis","2018-11",2
"other_cardiac_amyloidosis","2018-12",2
"other_cardiac_amyloidosis","2019-01",3
"other_cardiac_amyloidosis","2019-02",4
"other_cardiac_amyloidosis","2019-03",6
"other_cardiac_amyloidosis","2019-04",2
"other_cardiac_amyloidosis","2019-05",4
"other_cardiac_amyloidosis","2019-06",4
"other_cardiac_amyloidosis","2019-07",3
"other_cardiac_amyloidosis","2019-08",3
"other_cardiac_amyloidosis","2019-09",4
"other_cardiac_amyloidosis","2019-10",5
"other_cardiac_amyloidosis","2019-11",7
"other_cardiac_amyloidosis","2019-12",10
"other_cardiac_amyloidosis","2020-01",10
"other_cardiac_amyloidosis","2020-02",6
"other_cardiac_amyloidosis","2020-03",7
"other_cardiac_amyloidosis","2020-04",4
"other_cardiac_amyloidosis","2020-05",5
"other_cardiac_amyloidosis","2020-06",8
"other_cardiac_amyloidosis","2020-07",5
"other_cardiac_amyloidosis","2020-08",4
"other_cardiac_amyloidosis","2020-09",5
"other_cardiac_amyloidosis","2020-10",7
"other_cardiac_amyloidosis","2020-11",2
"other_cardiac_amyloidosis","2020-12",1
"other_cardiac_amyloidosis","2021-01",1
"other_cardiac_amyloidosis","2021-02",1
"other_cardiac_amyloidosis","2021-03",5
"other_cardiac_amyloidosis","2021-04",6
"other_cardiac_amyloidosis","2021-05",9
"other_cardiac_amyloidosis","2021-06",5
"other_cardiac_amyloidosis","2021-07",8
"other_cardiac_amyloidosis","2021-08",7
"other_cardiac_amyloidosis","2021-09",6
"other_cardiac_amyloidosis","2021-10",6
"other_cardiac_amyloidosis","2021-11",6
"other_cardiac_amyloidosis","2021-12",5
"other_cardiac_amyloidosis","2022-01",6
"other_cardiac_amyloidosis","2022-02",3
"other_cardiac_amyloidosis","2022-03",9
"other_cardiac_amyloidosis","2022-04",6
"other_cardiac_amyloidosis","2022-05",6
"other_cardiac_amyloidosis","2022-06",5
"other_cardiac_amyloidosis","2022-07",4
"other_cardiac_amyloidosis","2022-08",4
"other_cardiac_amyloidosis","2022-09",2
"other_cardiac_amyloidosis","2022-10",2
"other_cardiac_amyloidosis","2022-11",7
"other_cardiac_amyloidosis","2022-12",5
"other_cardiac_amyloidosis","2023-01",4
"other_cardiac_amyloidosis","2023-02",5
"other_cardiac_amyloidosis","2023-03",2
"other_cardiac_amyloidosis","2023-04",3
"other_cardiac_amyloidosis","2023-05",4
"other_cardiomyopathy","2016-07",96
"other_cardiomyopathy","2016-08",77
"other_cardiomyopathy","2016-09",64
"other_cardiomyopathy","2016-10",76
"other_cardiomyopathy","2016-11",67
"other_cardiomyopathy","2016-12",73
"other_cardiomyopathy","2017-01",89
"other_cardiomyopathy","2017-02",95
"other_cardiomyopathy","2017-03",97
"other_cardiomyopathy","2017-04",84
"other_cardiomyopathy","2017-05",85
"other_cardiomyopathy","2017-06",94
"other_cardiomyopathy","2017-07",119
"other_cardiomyopathy","2017-08",115
"other_cardiomyopathy","2017-09",90
"other_cardiomyopathy","2017-10",90
"other_cardiomyopathy","2017-11",91
"other_cardiomyopathy","2017-12",102
"other_cardiomyopathy","2018-01",98
"other_cardiomyopathy","2018-02",95
"other_cardiomyopathy","2018-03",101
"other_cardiomyopathy","2018-04",103
"other_cardiomyopathy","2018-05",98
"other_cardiomyopathy","2018-06",89
"other_cardiomyopathy","2018-07",99
"other_cardiomyopathy","2018-08",103
"other_cardiomyopathy","2018-09",90
"other_cardiomyopathy","2018-10",127
"other_cardiomyopathy","2018-11",104
"other_cardiomyopathy","2018-12",97
"other_cardiomyopathy","2019-01",133
"other_cardiomyopathy","2019-02",134
"other_cardiomyopathy","2019-03",138
"other_cardiomyopathy","2019-04",150
"other_cardiomyopathy","2019-05",158
"other_cardiomyopathy","2019-06",158
"other_cardiomyopathy","2019-07",148
"other_cardiomyopathy","2019-08",149
"other_cardiomyopathy","2019-09",161
"other_cardiomyopathy","2019-10",176
"other_cardiomyopathy","2019-11",178
"other_cardiomyopathy","2019-12",186
"other_cardiomyopathy","2020-01",168
"other_cardiomyopathy","2020-02",145
"other_cardiomyopathy","2020-03",134
"other_cardiomyopathy","2020-04",84
"other_cardiomyopathy","2020-05",109
"other_cardiomyopathy","2020-06",130
"other_cardiomyopathy","2020-07",135
"other_cardiomyopathy","2020-08",165
"other_cardiomyopathy","2020-09",189
"other_cardiomyopathy","2020-10",174
"other_cardiomyopathy","2020-11",172
"other_cardiomyopathy","2020-12",159
"other_cardiomyopathy","2021-01",149
"other_cardiomyopathy","2021-02",142
"other_cardiomyopathy","2021-03",167
"other_cardiomyopathy","2021-04",157
"other_cardiomyopathy","2021-05",137
"other_cardiomyopathy","2021-06",146
"other_cardiomyopathy","2021-07",111
"other_cardiomyopathy","2021-08",144
"other_cardiomyopathy","2021-09",145
"other_cardiomyopathy","2021-10",129
"other_cardiomyopathy","2021-11",184
"other_cardiomyopathy","2021-12",158
"other_cardiomyopathy","2022-01",131
"other_cardiomyopathy","2022-02",126
"other_cardiomyopathy","2022-03",127
"other_cardiomyopathy","2022-04",120
"other_cardiomyopathy","2022-05",125
"other_cardiomyopathy","2022-06",141
"other_cardiomyopathy","2022-07",129
"other_cardiomyopathy","2022-08",140
"other_cardiomyopathy","2022-09",141
"other_cardiomyopathy","2022-10",153
"other_cardiomyopathy","2022-11",163
"other_cardiomyopathy","2022-12",169
"other_cardiomyopathy","2023-01",171
"other_cardiomyopathy","2023-02",153
"other_cardiomyopathy","2023-03",161
"other_cardiomyopathy","2023-04",123
"other_cardiomyopathy","2023-05",88
"other_takotsubo","2016-07",6
"other_takotsubo","2016-08",2
"other_takotsubo","2016-09",3
"other_takotsubo","2016-10",1
"other_takotsubo","2016-11",4
"other_takotsubo","2016-12",3
"other_takotsubo","2017-01",4
"other_takotsubo","2017-02",5
"other_takotsubo","2017-03",10
"other_takotsubo","2017-04",7
"other_takotsubo","2017-05",8
"other_takotsubo","2017-06",9
"other_takotsubo","2017-07",4
"other_takotsubo","2017-08",7
"other_takotsubo","2017-09",7
"other_takotsubo","2017-10",4
"other_takotsubo","2017-11",3
"other_takotsubo","2017-12",8
"other_takotsubo","2018-01",7
"other_takotsubo","2018-02",6
"other_takotsubo","2018-03",7
"other_takotsubo","2018-04",6
"other_takotsubo","2018-05",8
"other_takotsubo","2018-06",3
"other_takotsubo","2018-07",8
"other_takotsubo","2018-08",10
"other_takotsubo","2018-09",8
"other_takotsubo","2018-10",9
"other_takotsubo","2018-11",11
"other_takotsubo","2018-12",5
"other_takotsubo","2019-01",9
"other_takotsubo","2019-02",6
"other_takotsubo","2019-03",10
"other_takotsubo","2019-04",4
"other_takotsubo","2019-05",8
"other_takotsubo","2019-06",12
"other_takotsubo","2019-07",9
"other_takotsubo","2019-08",8
"other_takotsubo","2019-09",10
"other_takotsubo","2019-10",7
"other_takotsubo","2019-11",8
"other_takotsubo","2019-12",8
"other_takotsubo","2020-01",8
"other_takotsubo","2020-02",7
"other_takotsubo","2020-03",7
"other_takotsubo","2020-04",5
"other_takotsubo","2020-05",5
"other_takotsubo","2020-06",7
"other_takotsubo","2020-07",11
"other_takotsubo","2020-08",9
"other_takotsubo","2020-09",14
"other_takotsubo","2020-10",10
"other_takotsubo","2020-11",7
"other_takotsubo","2020-12",13
"other_takotsubo","2021-01",6
"other_takotsubo","2021-02",10
"other_takotsubo","2021-03",7
"other_takotsubo","2021-04",11
"other_takotsubo","2021-05",12
"other_takotsubo","2021-06",12
"other_takotsubo","2021-07",7
"other_takotsubo","2021-08",11
"other_takotsubo","2021-09",9
"other_takotsubo","2021-10",16
"other_takotsubo","2021-11",9
"other_takotsubo","2021-12",10
"other_takotsubo","2022-01",11
"other_takotsubo","2022-02",9
"other_takotsubo","2022-03",10
"other_takotsubo","2022-04",9
"other_takotsubo","2022-05",12
"other_takotsubo","2022-06",6
"other_takotsubo","2022-07",8
"other_takotsubo","2022-08",11
"other_takotsubo","2022-09",11
"other_takotsubo","2022-10",8
"other_takotsubo","2022-11",12
"other_takotsubo","2022-12",14
"other_takotsubo","2023-01",8
"other_takotsubo","2023-02",9
"other_takotsubo","2023-03",14
"other_takotsubo","2023-04",12
"other_takotsubo","2023-05",3
"pericarditis","2016-07",1
"pericarditis","2016-08",5
"pericarditis","2016-09",1
"pericarditis","2016-10",1
"pericarditis","2016-11",2
"pericarditis","2016-12",3
"pericarditis","2017-01",1
"pericarditis","2017-02",2
"pericarditis","2017-04",2
"pericarditis","2017-05",2
"pericarditis","2017-07",3
"pericarditis","2017-08",4
"pericarditis","2017-09",1
"pericarditis","2017-10",2
"pericarditis","2017-11",1
"pericarditis","2017-12",2
"pericarditis","2018-02",2
"pericarditis","2018-03",4
"pericarditis","2018-04",1
"pericarditis","2018-05",6
"pericarditis","2018-06",4
"pericarditis","2018-07",4
"pericarditis","2018-08",4
"pericarditis","2018-09",3
"pericarditis","2018-10",5
"pericarditis","2018-11",3
"pericarditis","2018-12",4
"pericarditis","2019-01",6
"pericarditis","2019-02",4
"pericarditis","2019-03",2
"pericarditis","2019-05",2
"pericarditis","2019-06",4
"pericarditis","2019-07",1
"pericarditis","2019-08",2
"pericarditis","2019-09",4
"pericarditis","2019-10",2
"pericarditis","2019-11",8
"pericarditis","2019-12",5
"pericarditis","2020-01",4
"pericarditis","2020-02",4
"pericarditis","2020-03",4
"pericarditis","2020-04",6
"pericarditis","2020-05",5
"pericarditis","2020-06",7
"pericarditis","2020-07",8
"pericarditis","2020-08",5
"pericarditis","2020-09",4
"pericarditis","2020-10",3
"pericarditis","2020-11",2
"pericarditis","2020-12",4
"pericarditis","2021-01",7
"pericarditis","2021-02",5
"pericarditis","2021-03",7
"pericarditis","2021-04",6
"pericarditis","2021-05",5
"pericarditis","2021-06",6
"pericarditis","2021-07",3
"pericarditis","2021-08",6
"pericarditis","2021-09",3
"pericarditis","2021-10",9
"pericarditis","2021-11",5
"pericarditis","2021-12",3
"pericarditis","2022-01",8
"pericarditis","2022-02",3
"pericarditis","2022-03",8
"pericarditis","2022-04",5
"pericarditis","2022-06",5
"pericarditis","2022-07",5
"pericarditis","2022-08",8
"pericarditis","2022-09",7
"pericarditis","2022-10",12
"pericarditis","2022-11",4
"pericarditis","2022-12",5
"pericarditis","2023-01",8
"pericarditis","2023-02",6
"pericarditis","2023-03",6
"pericarditis","2023-04",6
"pericarditis","2023-05",3
